ADD-STR-MEN,ADDIDAS,STRIPES BASKETBALL SHOES BLACK,MEN'S APPAREL,4,499.0,
ADD-STR-MEN-2,ADDIDAS,STRIPE JOGGING PANTS FOR MEN,MEN'S APPAREL,9,499.0,
ASU-AX3-APP,ASUS,AX3000 DUAL BAND PCI-E WIFI 6 (802.11AX) MU-MIMO WIRELESS ADAPTER,APPLIANCES & ELECTRONICS,4,1550.0,
BAN-GUN-KID,BANDAI,GUNDAM MG 1/100 WING GUNDAM PROTO ZERO EW VER,KIDS & TOYS,5,3400.0,
BEN-STR-MEN,BENCH,STRIPED TANK TOP - LIGHT BLUE,MEN'S APPAREL,15,179.0,
CAS-RED-ACC,CASIO G-SHOCK,RED RESIN STRAP SHOCK RESISTANT 200 METER ANALOG DIGITAL WATCH,ACCESSORIES,23,7130.0,
CAT-SPI-SCH,CATTLEYA,SPIRAL NOTEBOOK 80 LVS,SCHOOL SUPPLIES,12,95.0,
CRA-MIN-SCH,CRAYOLA,MINI TWISTABLES CRAYONS 24 COLORS,SCHOOL SUPPLIES,10,500.0,
DON-MY -SCH,DONG-A,MY GEL 0.5 MM REFILLS 12PCS/BOX ( BLACK ),SCHOOL SUPPLIES,15,201.0,
FAB-CLA-SCH,FABER-CASTELL,CLASSIC COLOUR PENCILS 48 COLORS,SCHOOL SUPPLIES,5,619.0,
FOR-PAP-WOM,FORME,PAPERBAG WAIST PULL UP TROUSERS (NAVY BLUE),WOMEN'S APPAREL,10,1098.0,
HOT-CAR-KID,HOT WHEELS,CAR CULTURE JAPAN HISTORICS 3 - '85 HONDA CITY TURBO II 2/5,KIDS & TOYS,10,450.0,
HOT-SAT-KID,HOT WHEELS,SATIN & CHROME - ARISTO RAT 4/6,KIDS & TOYS,20,200.0,
IMA-IT--APP,IMARFLEX,IT-140 OVEN TOASTER BLACK,APPLIANCES & ELECTRONICS,20,3200.0,
LEG-SPE-KID,LEGO,SPEED CHAMPIONS 76895 FERRARI F8 TRIBUTO,KIDS & TOYS,15,1500.0,
MIC-WOM-ACC,MICHAELA,WOMEN'S LONG WALLET W/ WRISTLET 011111 19S,ACCESSORIES,30,199.0,
OMN-EXT-APP,OMNI,EXTENSION CORD / EXTENSION WIRE WITH UNIVERSAL OUTLET & SWITCH- 2 METER WIRE,APPLIANCES & ELECTRONICS,13,236.0,
OST-MYB-APP,OSTER,MYBLEND PERSONAL BLENDER WITH BLUE 20OZ TRAVEL SPORTS BOTTLE,APPLIANCES & ELECTRONICS,10,1536.0,
PEC-AND-ACC,PECULIAR EYEWEAR,ANDY ROUND ANTI RADIATION REPLACEABLE LENS COMPUTER EYEGLASS,ACCESSORIES,15,348.0,
PET-LAD-WOM,PETROL,LADIES BASIC WOVEN BOXY FIT 13002,WOMEN'S APPAREL,10,160.0,
PET-MEN-MEN,PETROL,MEN'S BASIC SLIM FIT TEES 12920-U,MEN'S APPAREL,10,200.0,
RED-WOV-WOM,REDGIRL,WOVEN PLAIN BOLDTWILL 3/4 SLV. BLOUSE,WOMEN'S APPAREL,10,260.0,
